"","DBH","Area_alg","SFtot_alg","ARtot","LA","Asapwood","Kr","SFdaily","beta","tstud","hom","D2H","D18O"
"1",31.6919027268887,788.835614322272,0.0389024536628235,51.9116559218957,0.131317297024652,0.0738888059070761,9.77261806512251e-10,0.0371880901195561,0.914437141718809,NA,1.3,11.4334968493105,-0.0337694386346788
"2",12.1866493741982,116.642955038391,0.0176219280536892,9.01666800312944,0.140896419612691,0.0116642955038391,1.02856416432187e-09,0.0171534885072897,0.914437141718809,NA,1.3,12.8242041228821,-0.00154533964904808
"3",39.6566757373512,1235.15793790754,0.0537544851955551,70.4080266410094,0.115444580488838,0.101700992000175,1.05934831365012e-09,0.0524131434630821,0.914437141718809,NA,1.3,12.1562828228178,0.0581282251904614
"4",39.1437487583607,1203.41303660685,0.0526466323556213,67.9669767776159,0.138460176638328,0.111030413964343,9.02561628632247e-10,0.057450914819045,0.914437141718809,NA,1.3,11.9156019829881,-0.195277066397649
"5",59.8064448009245,2809.22066434091,0.121815515595709,135.399596554043,0.151023066290654,0.217445348230662,1.0009298149962e-09,0.12522535702309,0.914437141718809,NA,1.3,10.2514023274427,-0.0117581643988235
